<?xml version="1.0" encoding="UTF-8"?>
<mule xmlns:file="http://www.mulesoft.org/schema/mule/file" xmlns:sftp="http://www.mulesoft.org/schema/mule/sftp" xmlns:json="http://www.mulesoft.org/schema/mule/json" xmlns:doc="http://www.mulesoft.org/schema/mule/documentation" xmlns="http://www.mulesoft.org/schema/mule/core" xmlns:apikit="http://www.mulesoft.org/schema/mule/apikit" xmlns:http="http://www.mulesoft.org/schema/mule/http" xmlns:spring="http://www.springframework.org/schema/beans" xmlns:xsi="http://www.w3.org/2001/XMLSchema-instance" xsi:schemaLocation="http://www.springframework.org/schema/beans http://www.springframework.org/schema/beans/spring-beans-current.xsd
http://www.mulesoft.org/schema/mule/http http://www.mulesoft.org/schema/mule/http/current/mule-http.xsd
http://www.mulesoft.org/schema/mule/apikit http://www.mulesoft.org/schema/mule/apikit/current/mule-apikit.xsd
http://www.mulesoft.org/schema/mule/core http://www.mulesoft.org/schema/mule/core/current/mule.xsd
http://www.mulesoft.org/schema/mule/sftp http://www.mulesoft.org/schema/mule/sftp/current/mule-sftp.xsd
http://www.mulesoft.org/schema/mule/file http://www.mulesoft.org/schema/mule/file/current/mule-file.xsd
http://www.mulesoft.org/schema/mule/json http://www.mulesoft.org/schema/mule/json/current/mule-json.xsd">
    <http:listener-config name="product-api-httpListenerConfig" host="0.0.0.0" port="8081" doc:name="HTTP Listener Configuration"/>
    <apikit:config name="product-api-config" raml="product-api.raml" consoleEnabled="false" doc:name="Router"/>
    <flow name="product-api-main">
        <http:listener config-ref="product-api-httpListenerConfig" path="/api/*" doc:name="HTTP"/>
        <apikit:router config-ref="product-api-config" doc:name="APIkit Router"/>
        <exception-strategy ref="product-api-apiKitGlobalExceptionMapping" doc:name="Reference Exception Strategy"/>
    </flow>
    <flow name="product-api-console">
        <http:listener config-ref="product-api-httpListenerConfig" path="/console/*" doc:name="HTTP"/>
        <apikit:console config-ref="product-api-config" doc:name="APIkit Console"/>
    </flow>
    <flow name="get:/products/{productId}:product-api-config">
        <set-variable variableName="prodid" value="#[message.inboundProperties.'http.request.uri']" doc:name="Variable"/>
        <set-payload value="{
  &quot;brand&quot;: &quot;Anypoint&quot;,
  &quot;identifier&quot;: &quot;#[prodid]&quot;,
  &quot;identifiers&quot;: [{
    &quot;SKU&quot;: &quot;UGG-BB-PUR-06&quot;
  }],
  &quot;model&quot;: &quot;Smart Slim Micro Stripe Shirt&quot;,
  &quot;rating&quot;: 5,
  &quot;description&quot;: &quot;Shirt by ASOS Tall. Stripe woven fabric. Added stretch for comfort. Spread collar. Button placket. Slim fit - cut close to the body. Machine wash. 98% Cotton, 2% Elastane. Our model wears a size Medium Long and is 193cm/6'4\&quot; tall&quot;,
  &quot;pictures&quot;: [
    &quot;https://launderkart.com/wp-content/uploads/2016/07/Shirt.jpg&quot;,
    &quot;https://cdni.llbean.net/is/image/wim/251423_47_41?wid=428&amp;hei=494&quot;
  ],
  &quot;price&quot;: {
    &quot;amount&quot;: {
      &quot;currency&quot;: &quot;USD&quot;,
      &quot;currencyValue&quot;: 34.90,
      &quot;name&quot;: &quot;Amount&quot;
    },
      &quot;salesUnit&quot;: {
      &quot;code&quot;: &quot;EA&quot;,
      &quot;name&quot;: &quot;Each&quot;
    }
  }
}" doc:name="Set Payload" mimeType="application/json"/>

    </flow>
    <apikit:mapping-exception-strategy name="product-api-apiKitGlobalExceptionMapping">
        <apikit:mapping statusCode="404">
            <apikit:exception value="org.mule.module.apikit.exception.NotFoundException" />
            <set-property propertyName="Content-Type" value="application/json" doc:name="Property"/>
            <set-payload value="{ &quot;message&quot;: &quot;Resource not found&quot; }" doc:name="Set Payload"/>
        </apikit:mapping>
        <apikit:mapping statusCode="405">
            <apikit:exception value="org.mule.module.apikit.exception.MethodNotAllowedException" />
            <set-property propertyName="Content-Type" value="application/json" doc:name="Property"/>
            <set-payload value="{ &quot;message&quot;: &quot;Method not allowed&quot; }" doc:name="Set Payload"/>
        </apikit:mapping>
        <apikit:mapping statusCode="415">
            <apikit:exception value="org.mule.module.apikit.exception.UnsupportedMediaTypeException" />
            <set-property propertyName="Content-Type" value="application/json" doc:name="Property"/>
            <set-payload value="{ &quot;message&quot;: &quot;Unsupported media type&quot; }" doc:name="Set Payload"/>
        </apikit:mapping>
        <apikit:mapping statusCode="406">
            <apikit:exception value="org.mule.module.apikit.exception.NotAcceptableException" />
            <set-property propertyName="Content-Type" value="application/json" doc:name="Property"/>
            <set-payload value="{ &quot;message&quot;: &quot;Not acceptable&quot; }" doc:name="Set Payload"/>
        </apikit:mapping>
        <apikit:mapping statusCode="400">
            <apikit:exception value="org.mule.module.apikit.exception.BadRequestException" />
            <set-property propertyName="Content-Type" value="application/json" doc:name="Property"/>
            <set-payload value="{ &quot;message&quot;: &quot;Bad request&quot; }" doc:name="Set Payload"/>
        </apikit:mapping>
    </apikit:mapping-exception-strategy>
</mule>
